checkin_type,off,mwait,mresponse,mservice,withdrawal,test_type,test_off,test_mwait,test_mresponse,test_mservice,test_withdrawal,off_small,small_mwait,small_mresponse,small_mservice,small_withdrawal,off_med,med_mwait,med_mresponse,med_mservice,med_withdrawal,off_big,big_mwait,big_mresponse,big_service,big_withdrawal
single-queue,1,23.477750,36.122896,12.645146,0.000000,(null),0,0.000000,0.000000,0.000000,0,0.000000,0.000000,0.000000,0.000000,0,0.000000,0.000000,0.000000,0.000000,0,0.000000,0.000000,0.000000,0.000000
multi-queue,1,23.477750,36.122896,12.645146,0.000000,(null),0,0.000000,0.000000,0.000000,0,0.000000,0.000000,0.000000,0.000000,0,0.000000,0.000000,0.000000,0.000000,0,0.000000,0.000000,0.000000,0.000000
sita-queue,3,4.594881,17.240028,12.645146,0.000000,(null),0,0.000000,0.000000,0.000000,1,7.226033,26.867498,19.641465,0.000000,1,4.632189,15.795363,11.163174,0.000000,1,0.329223,6.004932,5.675709,0.000000
single-queue,1,21.940512,34.585658,12.645146,0.000000,single-queue,5,0.013274,11.610619,11.597345,0,0.000000,0.000000,0.000000,0.000000,0,0.000000,0.000000,0.000000,0.000000,0,0.000000,0.000000,0.000000,0.000000
multi-queue,1,22.010837,34.655983,12.645146,0.000000,single-queue,5,1.137168,12.734513,11.597345,0,0.000000,0.000000,0.000000,0.000000,0,0.000000,0.000000,0.000000,0.000000,0,0.000000,0.000000,0.000000,0.000000
sita-queue,3,4.581739,17.226885,12.645146,0.000000,single-queue,5,0.023230,11.620575,11.597345,1,7.051442,26.692907,19.641465,0.000000,1,4.699064,15.862238,11.163174,0.000000,1,0.350185,6.025894,5.675709,0.000000
single-queue,1,22.010837,34.655983,12.645146,0.000000,multi-queue,5,0.482301,12.079646,11.597345,0,0.000000,0.000000,0.000000,0.000000,0,0.000000,0.000000,0.000000,0.000000,0,0.000000,0.000000,0.000000,0.000000
multi-queue,1,22.000692,34.645838,12.645146,0.000000,multi-queue,5,0.435841,12.033186,11.597345,0,0.000000,0.000000,0.000000,0.000000,0,0.000000,0.000000,0.000000,0.000000,0,0.000000,0.000000,0.000000,0.000000
sita-queue,3,4.602029,17.247175,12.645146,0.000000,multi-queue,5,0.482301,12.079646,11.597345,1,7.162120,26.803585,19.641465,0.000000,1,4.677664,15.840838,11.163174,0.000000,1,0.342787,6.018496,5.675709,0.000000